sofifaId,player_url,long_name,dob,height_cm,weight_kg,nationality,club,overall,player_positions,team_position,shooting,dribbling,defending,gk_diving,gk_handling,gk_kicking,gk_reflexes,gk_speed,gk_positioning,attacking_crossing,attacking_finishing,attacking_heading_accuracy,attacking_short_passing,attacking_volleys,skill_long_passing,skill_ball_control,movement_acceleration,movement_sprint_speed,movement_agility,movement_reactions,movement_balance,power_shot_power,power_jumping,power_stamina,mentality_interceptions,mentality_vision,mentality_composure,defending_marking,defending_standing_tackle,defending_sliding_tackle
158023,https://sofifa.com/player/158023/lionel-messi/20/159586,Lionel Andrés Messi Cuccittini,1987-06-24,170,72,Argentina,FC Barcelona,94,"RW, CF, ST",RW,92,96,39,,,,,,,88,95,70,92,88,92,96,91,84,93,95,95,86,68,75,40,94,96,33,37,26
192448,https://sofifa.com/player/192448/marc-andre-ter-stegen/20/159586,Marc-André ter Stegen,1992-04-30,187,85,Germany,FC Barcelona,90,GK,GK,,,,88,85,88,90,45,88,18,14,11,61,14,63,30,38,50,37,86,43,66,79,35,22,70,70,25,13,10
176580,https://sofifa.com/player/176580/luis-suarez/20/159586,Luis Alberto Suárez Díaz,1987-01-24,182,86,Uruguay,FC Barcelona,89,ST,ST,89,84,51,,,,,,,78,91,83,82,90,72,84,76,70,79,92,79,88,69,82,41,82,85,57,45,38
189511,https://sofifa.com/player/189511/sergio-busquets-burgos/20/159586,Sergio Busquets i Burgos,1988-07-16,189,76,Spain,FC Barcelona,89,"CDM, CM",CDM,62,80,85,,,,,,,62,67,68,89,44,82,88,40,43,67,87,49,61,66,86,89,86,93,90,86,80
194765,https://sofifa.com/player/194765/antoine-griezmann/20/159586,Antoine Griezmann,1991-03-21,176,73,France,FC Barcelona,89,"CF, ST, LW",LW,86,89,57,,,,,,,83,89,84,85,87,82,90,82,81,90,92,83,82,89,87,49,86,89,59,54,49
152729,https://sofifa.com/player/152729/gerard-pique-bernabeu/20/159586,Gerard Piqué Bernabéu,1987-02-02,194,85,Spain,FC Barcelona,88,CB,RCB,61,68,88,,,,,,,57,65,85,83,57,81,82,48,63,57,85,36,62,75,70,89,72,87,89,88,87
189332,https://sofifa.com/player/189332/jordi-alba-ramos/20/159586,Jordi Alba Ramos,1989-03-21,170,68,Spain,FC Barcelona,87,LB,LB,69,83,79,,,,,,,87,73,70,84,60,79,85,91,90,89,85,85,64,81,92,83,78,82,74,83,84
205600,https://sofifa.com/player/205600/samuel-umtiti/20/159586,Samuel Umtiti,1993-11-14,182,75,France,FC Barcelona,86,CB,SUB-CB,63,69,86,,,,,,,61,51,79,80,65,73,77,66,72,62,82,66,83,88,71,87,58,82,87,88,85
168651,https://sofifa.com/player/168651/ivan-rakitic/20/159586,Ivan Rakitić,1988-03-10,184,78,Croatia,FC Barcelona,86,"CM, CDM",RCM,81,81,74,,,,,,,84,78,59,86,84,90,87,64,61,73,80,62,84,34,79,79,85,80,76,73,72
228702,https://sofifa.com/player/228702/frenkie-de-jong/20/159586,Frenkie de Jong,1997-05-12,180,74,Netherlands,FC Barcelona,85,"CM, CDM",LCM,64,87,76,,,,,,,75,64,66,90,69,86,89,80,78,84,87,79,68,76,82,81,86,90,75,75,77
220440,https://sofifa.com/player/220440/clement-lenglet/20/159586,Clément Lenglet,1995-06-17,186,81,France,FC Barcelona,85,CB,LCB,45,65,86,,,,,,,55,39,82,81,37,75,76,77,74,62,84,60,58,86,75,87,66,82,90,83,81
194404,https://sofifa.com/player/194404/norberto-murara-neto/20/159586,Norberto Murara Neto,1989-07-19,190,84,Brazil,FC Barcelona,85,GK,SUB-GK,,,,86,81,79,82,54,82,11,15,14,36,12,41,24,56,52,59,79,49,59,83,41,15,42,64,17,14,15
231443,https://sofifa.com/player/231443/ousmane-dembele/20/159586,Ousmane Dembélé,1997-05-15,178,67,France,FC Barcelona,84,"RW, LW",SUB-LW,79,87,36,,,,,,,84,79,43,82,76,76,85,94,93,89,78,83,83,59,69,36,78,82,42,30,33
230658,https://sofifa.com/player/230658/arthur-henrique-ramos-oliveira-melo/20/159586,Arthur Henrique Ramos Oliveira Melo,1996-08-12,171,73,Brazil,FC Barcelona,84,CM,SUB-CM,71,86,73,,,,,,,70,69,58,88,63,82,88,71,67,79,83,89,74,68,73,75,86,81,76,76,70
181872,https://sofifa.com/player/181872/arturo-vidal/20/159586,Arturo Vidal,1987-05-22,180,75,Chile,FC Barcelona,84,"CM, CDM",SUB-CM,79,78,85,,,,,,,76,75,82,82,78,81,83,68,67,73,86,75,84,85,86,85,82,83,82,87,88
227928,https://sofifa.com/player/227928/nelson-cabral-semedo/20/159586,Nélson Cabral Semedo,1993-11-16,177,67,Portugal,FC Barcelona,82,RB,RB,57,81,77,,,,,,,76,50,58,76,42,65,80,91,92,88,82,82,74,80,91,81,62,79,77,81,80
199564,https://sofifa.com/player/199564/sergio-roberto-carnicer/20/159586,Sergio Roberto Carnicer,1992-02-07,178,68,Spain,FC Barcelona,82,"RB, RM, CM",SUB-RB,63,78,77,,,,,,,83,63,72,84,50,78,82,77,79,69,80,74,65,43,89,79,83,76,75,79,78
201400,https://sofifa.com/player/201400/rafael-alcantara/20/159586,Rafael Alcântara do Nascimento,1993-02-12,174,71,Brazil,FC Barcelona,81,"CAM, CM, RW",SUB-CAM,76,84,68,,,,,,,72,73,55,85,76,76,83,68,67,79,77,79,79,74,59,70,81,80,68,72,66
241184,https://sofifa.com/player/241184/hector-junior-firpo-adames/20/159586,Héctor Junior Firpo Adamés,1996-08-22,184,78,Spain,FC Barcelona,79,"LB, LM, LWB",SUB-LM,64,74,75,,,,,,,81,66,74,75,55,70,76,85,85,64,77,63,68,77,81,78,67,75,72,76,76
233113,https://sofifa.com/player/233113/carles-alena-castillo/20/159586,Carles Aleñá Castillo,1998-01-05,180,73,Spain,FC Barcelona,76,"CM, RW, CAM",SUB-CAM,68,78,61,,,,,,,66,67,34,77,41,72,78,76,75,77,78,73,69,51,68,68,78,79,70,62,48
242816,https://sofifa.com/player/242816/ricard-puig-marti/20/159586,Ricard Puig Martí,1999-08-13,169,56,Spain,FC Barcelona,71,CM,SUB-CM,57,76,54,,,,,,,60,58,49,79,56,76,77,68,63,82,70,83,60,55,50,55,78,75,53,57,53
245388,https://sofifa.com/player/245388/jean-clair-todibo/20/159586,Jean-Clair Todibo,1999-12-30,190,81,France,FC Barcelona,71,"CB, CDM",SUB-CB,43,63,67,,,,,,,46,40,67,70,35,64,70,67,70,54,66,55,52,76,64,68,50,72,62,70,68
237156,https://sofifa.com/player/237156/moussa-wague/20/159586,Moussa Wagué,1998-10-04,177,70,Senegal,FC Barcelona,71,"RB, RWB, LB",SUB-RB,40,73,67,,,,,,,70,36,58,67,31,56,69,79,81,77,70,85,56,84,68,67,55,66,65,71,69
237823,https://sofifa.com/player/237823/hiroki-abe/20/159586,安部 裕葵,1999-01-28,171,65,Japan,FC Barcelona,70,"LM, RM",RES-RM,61,78,33,,,,,,,61,62,56,62,64,42,73,91,90,81,57,84,66,68,74,17,65,62,51,25,15
240683,https://sofifa.com/player/240683/ludovit-reis/20/159586,Ludovit Reis,2000-06-01,178,75,Netherlands,FC Barcelona,70,"CDM, CM",RES-CDM,57,69,69,,,,,,,54,54,59,68,48,65,70,72,73,70,68,64,64,82,73,75,65,66,70,70,62
239250,https://sofifa.com/player/239250/abel-ruiz-ortega/20/159586,Abel Ruiz Ortega,2000-01-28,182,73,Spain,FC Barcelona,68,"ST, LW",RES-ST,68,68,37,,,,,,,36,69,62,65,63,42,67,70,73,67,63,64,67,60,65,19,63,57,45,38,20
239249,https://sofifa.com/player/239249/oriol-busquets-mas/20/159586,Oriol Busquets Mas,1999-06-20,185,77,Spain,FC Barcelona,67,"CDM, CM",RES-CDM,43,63,64,,,,,,,56,36,64,70,37,66,67,53,50,53,64,62,56,52,71,65,66,70,64,63,61
240654,https://sofifa.com/player/240654/carles-perez-sayol/20/159586,Carles Pérez Sayol,1998-02-16,172,65,Spain,FC Barcelona,67,"RM, RW",RES-LM,71,70,36,,,,,,,64,73,53,63,58,58,70,79,79,70,56,71,80,60,44,23,61,57,38,37,34
240915,https://sofifa.com/player/240915/juan-miranda-gonzalez/20/159586,Juan Miranda González,2000-01-19,185,76,Spain,FC Barcelona,67,"LB, CB",RES-LB,39,62,65,,,,,,,70,33,56,63,29,56,65,65,69,57,63,58,49,64,66,66,48,59,65,68,67
241810,https://sofifa.com/player/241810/juan-brandariz-movilla/20/159586,Juan Brandáriz Movilla,1999-03-02,186,78,Spain,FC Barcelona,65,CB,RES-CB,36,53,65,,,,,,,38,30,60,62,33,51,60,52,60,40,62,61,47,75,62,65,41,62,68,65,64
242999,https://sofifa.com/player/242999/alex-collado-gutierrez/20/159586,Álex Collado Gutiérrez,1999-04-22,177,66,Spain,FC Barcelona,65,"CM, LW",RES-CM,61,68,53,,,,,,,53,60,49,69,53,66,65,67,67,70,65,69,63,42,43,49,69,67,54,55,56
237522,https://sofifa.com/player/237522/jorge-cuenca-barreno/20/159586,Jorge Cuenca Barreno,1999-11-17,189,76,Spain,FC Barcelona,65,CB,RES-CB,35,43,65,,,,,,,40,27,67,65,31,58,55,51,59,57,65,63,55,67,63,66,45,57,62,66,63
246139,https://sofifa.com/player/246139/ignacio-pena-sotorres/20/159586,Ignacio Peña Sotorres,1999-03-02,184,78,Spain,FC Barcelona,64,GK,RES-GK,,,,65,60,65,65,30,61,10,6,11,26,5,24,18,33,28,42,63,51,49,63,27,6,39,38,9,10,11
188545,https://sofifa.com/player/188545/robert-lewandowski/20/159586,Robert Lewandowski,1988-08-21,184,80,Poland,FC Bayern München,89,ST,ST,87,85,41,,,,,,,62,88,85,82,88,65,88,77,77,78,90,82,87,84,78,39,77,86,34,42,19
167495,https://sofifa.com/player/167495/manuel-neuer/20/159586,Manuel Neuer,1986-03-27,193,92,Germany,FC Bayern München,88,GK,GK,,,,87,87,91,87,57,85,15,13,25,55,11,59,46,54,60,51,84,35,68,77,43,30,70,70,17,10,11
189509,https://sofifa.com/player/189509/thiago-alcantara/20/159586,Thiago Alcântara do Nascimento,1991-04-11,174,70,Spain,FC Bayern München,87,"CM, CAM, CDM",CDM,74,90,69,,,,,,,78,69,54,90,86,87,91,76,64,91,86,88,76,76,75,83,86,87,67,67,71
212622,https://sofifa.com/player/212622/joshua-kimmich/20/159586,Joshua Kimmich,1995-02-08,176,73,Germany,FC Bayern München,86,"RB, CM, CDM",RB,69,84,79,,,,,,,91,66,74,87,67,85,85,77,68,84,87,84,76,79,94,80,84,85,78,80,79
189242,https://sofifa.com/player/189242/philippe-coutinho-correia/20/159586,Philippe Coutinho Correia,1992-06-12,172,68,Brazil,FC Bayern München,86,"LW, CM",LCM,80,90,52,,,,,,,79,77,48,84,78,82,91,84,75,92,82,93,82,59,76,49,86,77,55,54,47
189596,https://sofifa.com/player/189596/thomas-muller/20/159586,Thomas Müller,1989-09-13,186,75,Germany,FC Bayern München,86,"CAM, RM, RW",SUB-CAM,83,78,55,,,,,,,79,87,81,81,84,72,82,69,75,74,91,71,78,77,86,58,85,84,44,57,46
212190,https://sofifa.com/player/212190/niklas-sule/20/159586,Niklas Süle,1995-09-03,195,97,Germany,FC Bayern München,85,CB,RCB,42,50,86,,,,,,,34,22,86,78,33,69,63,53,87,34,81,33,77,40,66,81,40,75,85,89,87
197445,https://sofifa.com/player/197445/david-alaba/20/159586,David Olatukunbo Alaba,1992-06-24,180,78,Austria,FC Bayern München,85,"LB, CB",LB,73,80,80,,,,,,,82,63,74,82,68,79,82,79,86,78,84,78,85,83,85,82,77,80,80,80,80
220814,https://sofifa.com/player/220814/lucas-hernandez/20/159586,Lucas Hernández,1996-02-14,182,76,France,FC Bayern München,84,"CB, LB",LCB,54,71,83,,,,,,,78,53,82,79,46,63,79,79,83,70,85,68,62,85,83,83,63,76,81,84,86
209658,https://sofifa.com/player/209658/leon-goretzka/20/159586,Leon Goretzka,1995-02-06,189,79,Germany,FC Bayern München,84,"CM, CAM, CDM",SUB-CM,77,81,75,,,,,,,75,76,80,84,68,79,84,84,78,76,84,70,79,74,86,79,82,80,72,74,73
213345,https://sofifa.com/player/213345/kingsley-coman/20/159586,Kingsley Coman,1996-06-13,179,75,France,FC Bayern München,84,"LM, RM, LW",LW,76,87,29,,,,,,,79,76,52,78,77,72,87,94,91,88,84,85,80,73,69,23,79,76,29,27,21
206113,https://sofifa.com/player/206113/serge-gnabry/20/159586,Serge Gnabry,1995-07-14,175,75,Germany,FC Bayern München,84,"RM, LM, LW",RW,82,86,43,,,,,,,76,81,44,79,83,69,83,92,89,86,82,88,86,64,74,38,77,78,45,42,45
177610,https://sofifa.com/player/177610/javier-martinez-aginaga/20/159586,Javier Martínez Aginaga,1988-09-02,192,86,Spain,FC Bayern München,84,"CDM, CB",SUB-CB,55,63,86,,,,,,,58,43,87,76,58,74,71,45,50,52,85,49,76,85,72,88,74,80,85,86,85
181458,https://sofifa.com/player/181458/ivan-perisic/20/159586,Ivan Perišić,1989-02-02,186,80,Croatia,FC Bayern München,84,LM,SUB-LM,80,82,62,,,,,,,83,79,80,78,81,74,85,83,85,77,79,74,84,84,89,69,76,80,64,52,54
183907,https://sofifa.com/player/183907/jerome-boateng/20/159586,Jérôme Boateng,1988-09-03,192,90,Germany,FC Bayern München,84,CB,SUB-CB,50,65,84,,,,,,,69,34,85,75,52,83,70,64,67,55,82,52,78,73,66,80,75,84,83,87,86
219683,https://sofifa.com/player/219683/corentin-tolisso/20/159586,Corentin Tolisso,1994-08-03,181,81,France,FC Bayern München,83,"CM, CDM",RCM,77,78,76,,,,,,,67,75,82,84,62,86,82,73,66,75,83,74,82,83,84,76,80,74,75,78,71
226851,https://sofifa.com/player/226851/benjamin-pavard/20/159586,Benjamin Pavard,1996-03-28,186,76,France,FC Bayern München,79,"CB, RB",SUB-CB,47,70,81,,,,,,,70,37,73,78,57,79,76,68,69,67,77,65,65,86,75,84,66,77,82,79,81
186569,https://sofifa.com/player/186569/sven-ulreich/20/159586,Sven Ulreich,1988-08-03,192,87,Germany,FC Bayern München,79,GK,SUB-GK,,,,79,71,68,85,40,79,14,12,8,41,13,38,22,41,40,36,79,39,51,66,29,14,42,45,16,18,14
230767,https://sofifa.com/player/230767/renato-junior-luz-sanches/20/159586,Renato Júnior Luz Sanches,1997-08-18,176,70,Portugal,FC Bayern München,75,CM,SUB-CM,72,77,70,,,,,,,60,66,64,76,68,70,77,77,76,77,73,90,85,81,86,69,67,68,73,71,64
234396,https://sofifa.com/player/234396/alphonso-davies/20/159586,Alphonso Davies,2000-11-02,181,72,Canada,FC Bayern München,72,"LM, RM, LB",SUB-LM,65,76,55,,,,,,,62,64,51,64,55,51,73,93,89,84,67,77,71,72,74,52,65,70,55,61,51
239744,https://sofifa.com/player/239744/mickael-cuisance/20/159586,Mickaël Cuisance,1999-08-16,181,74,France,FC Bayern München,72,CM,SUB-CM,67,75,53,,,,,,,79,59,49,78,63,73,74,77,66,84,66,74,78,59,64,48,76,62,49,61,55
239981,https://sofifa.com/player/239981/jann-fiete-arp/20/159586,Jann-Fiete Arp,2000-01-06,184,78,Germany,FC Bayern München,67,"ST, LM",SUB-ST,64,70,22,,,,,,,46,67,62,53,65,34,70,71,68,78,71,73,65,62,56,16,59,60,18,17,20
241859,https://sofifa.com/player/241859/ron-thorben-hoffmann/20/159586,Ron-Thorben Hoffmann,1999-04-04,192,84,Germany,FC Bayern München,63,GK,SUB-GK,,,,61,62,66,64,25,64,13,8,12,21,9,31,14,23,27,31,56,24,50,42,14,23,31,26,15,9,13
20801,https://sofifa.com/player/20801/c-ronaldo-dos-santos-aveiro/20/159586,Cristiano Ronaldo dos Santos Aveiro,1985-02-05,187,83,Portugal,Juventus,93,"ST, LW",LW,93,89,35,,,,,,,84,94,89,83,87,77,92,89,91,87,96,71,95,95,85,29,82,95,28,32,24
138956,https://sofifa.com/player/138956/giorgio-chiellini/20/159586,Giorgio Chiellini,1984-08-14,187,85,Italy,Juventus,89,CB,LCB,46,60,90,,,,,,,54,33,83,65,45,65,61,61,73,57,82,57,78,89,59,88,50,84,94,91,89
211110,https://sofifa.com/player/211110/paulo-dybala/20/159586,Paulo Bruno Exequiel Dybala,1993-11-15,177,75,Argentina,Juventus,88,"CAM, RW",RW,82,90,43,,,,,,,82,80,64,87,88,75,93,86,81,91,84,85,80,75,79,42,87,84,32,48,40
186153,https://sofifa.com/player/186153/wojciech-szczesny/20/159586,Wojciech  Szczęsny,1990-04-18,195,90,Poland,Juventus,86,GK,GK,,,,85,82,73,88,49,86,12,12,16,32,14,36,22,51,47,55,82,51,55,71,45,15,48,65,20,13,12
180206,https://sofifa.com/player/180206/miralem-pjanic/20/159586,Miralem Pjanić,1990-04-02,178,72,Bosnia Herzegovina,Juventus,86,"CM, CDM",CDM,68,85,75,,,,,,,80,56,60,91,72,87,89,69,67,75,84,81,78,60,79,78,88,86,78,76,70
184344,https://sofifa.com/player/184344/leonardo-bonucci/20/159586,Leonardo Bonucci,1987-05-01,190,85,Italy,Juventus,86,CB,RCB,58,70,87,,,,,,,44,48,84,77,58,85,75,55,60,61,84,55,74,85,68,90,74,86,90,86,80
235243,https://sofifa.com/player/235243/matthijs-de-ligt/20/159586,Matthijs de Ligt,1999-08-12,189,89,Netherlands,Juventus,85,CB,SUB-CB,58,68,83,,,,,,,52,50,85,76,40,74,74,61,72,56,83,60,82,84,77,82,63,82,86,82,80
167664,https://sofifa.com/player/167664/gonzalo-higuain/20/159586,Gonzalo Gerardo Higuaín,1987-12-10,186,89,Argentina,Juventus,85,ST,SUB-ST,85,80,31,,,,,,,68,88,77,75,88,60,84,62,64,72,86,69,86,78,60,20,75,85,35,22,18
170890,https://sofifa.com/player/170890/blaise-matuidi/20/159586,Blaise Matuidi,1987-04-09,180,75,France,Juventus,85,"CDM, CM",SUB-CDM,66,78,83,,,,,,,74,60,68,83,72,77,79,77,73,83,84,79,78,84,90,86,74,82,85,84,86
191043,https://sofifa.com/player/191043/alex-sandro-lobo-silva/20/159586,Alex Sandro Lobo Silva,1991-01-26,180,80,Brazil,Juventus,85,"LB, LM",LB,65,80,82,,,,,,,84,55,76,81,68,71,81,81,85,78,84,77,80,79,91,82,70,82,81,84,84
181783,https://sofifa.com/player/181783/mario-mandzukic/20/159586,Mario Mandžukić,1986-05-21,190,85,Croatia,Juventus,84,"ST, LW",ST,80,75,65,,,,,,,72,85,90,75,86,67,79,61,73,65,88,55,83,85,81,66,74,80,59,64,60
190483,https://sofifa.com/player/190483/douglas-costa-de-souza/20/159586,Douglas Costa de Souza,1990-09-14,172,70,Brazil,Juventus,84,"LM, RW, LW",SUB-LW,73,91,43,,,,,,,82,64,50,83,76,65,91,95,93,93,80,91,86,60,71,48,80,80,45,38,34
210008,https://sofifa.com/player/210008/adrien-rabiot/20/159586,Adrien Rabiot,1995-04-03,192,80,France,Juventus,83,"CM, CDM",LCM,74,80,77,,,,,,,70,69,77,85,72,83,84,71,74,79,83,72,80,73,80,80,80,84,70,81,75
212404,https://sofifa.com/player/212404/federico-bernardeschi/20/159586,Federico Bernardeschi,1994-02-16,185,77,Italy,Juventus,83,"RM, CAM",SUB-CAM,75,87,60,,,,,,,82,68,54,85,74,71,88,82,81,85,80,79,82,49,79,66,82,82,66,54,50
1179,https://sofifa.com/player/1179/gianluigi-buffon/20/159586,Gianluigi Buffon,1978-01-28,192,92,Italy,Juventus,83,GK,SUB-GK,,,,78,77,74,80,33,91,13,15,13,37,17,35,28,37,30,55,80,49,56,71,34,28,50,70,13,11,11
179846,https://sofifa.com/player/179846/sami-khedira/20/159586,Sami Khedira,1987-04-04,189,90,Germany,Juventus,83,"CM, CDM",RES-CDM,74,77,80,,,,,,,72,68,76,85,78,81,83,48,53,55,84,54,82,66,68,84,78,84,80,82,74
186561,https://sofifa.com/player/186561/aaron-ramsey/20/159586,Aaron Ramsey,1990-12-26,183,76,Wales,Juventus,83,"CM, CAM",SUB-CM,77,80,68,,,,,,,75,75,58,84,79,80,83,66,69,73,81,74,81,66,89,69,81,81,68,72,68
193082,https://sofifa.com/player/193082/juan-cuadrado/20/159586,Juan Cuadrado,1988-05-26,179,72,Colombia,Juventus,83,"RM, RW",SUB-RM,72,88,66,,,,,,,78,64,58,81,70,69,85,90,92,91,78,81,84,74,74,62,76,80,63,70,74
198009,https://sofifa.com/player/198009/mattia-perin/20/159586,Mattia Perin,1992-11-10,188,77,Italy,Juventus,82,GK,SUB-GK,,,,82,82,71,87,56,79,11,11,12,33,19,31,23,57,56,70,77,30,53,75,30,19,44,65,20,12,19
211320,https://sofifa.com/player/211320/daniele-rugani/20/159586,Daniele Rugani,1994-07-29,190,84,Italy,Juventus,82,CB,RES-CB,39,64,85,,,,,,,40,33,84,69,35,65,65,61,66,61,78,55,58,83,67,86,50,70,86,86,82
208333,https://sofifa.com/player/208333/emre-can/20/159586,Emre Can,1994-01-12,184,82,Germany,Juventus,81,"CM, CDM",RCM,68,79,81,,,,,,,70,60,72,83,65,81,83,68,71,72,78,69,81,76,87,82,78,80,82,82,80
227535,https://sofifa.com/player/227535/rodrigo-bentancur/20/159586,Rodrigo Bentancur Colmán,1997-06-25,187,72,Uruguay,Juventus,79,CM,SUB-CM,58,81,70,,,,,,,70,52,62,85,60,79,85,68,72,66,76,67,65,74,87,68,76,80,74,72,64
199304,https://sofifa.com/player/199304/danilo-luiz-da-silva/20/159586,Danilo Luiz da Silva,1991-07-15,184,78,Brazil,Juventus,79,"RB, LB",SUB-RB,70,74,78,,,,,,,78,61,69,79,73,69,79,69,72,68,79,64,84,75,77,81,64,69,79,79,79
206058,https://sofifa.com/player/206058/mattia-de-sciglio/20/159586,Mattia De Sciglio,1992-10-20,182,78,Italy,Juventus,77,"RB, LB",RB,46,75,77,,,,,,,78,33,68,74,41,68,75,73,76,79,72,77,67,77,81,76,60,72,79,78,78
229593,https://sofifa.com/player/229593/marko-pjaca/20/159586,Marko Pjaca,1995-05-06,186,83,Croatia,Juventus,75,LW,RES-LW,67,84,41,,,,,,,76,61,68,77,72,67,87,76,78,78,68,75,76,67,67,30,68,70,41,42,34
238160,https://sofifa.com/player/238160/merih-demiral/20/159586,Merih Demiral,1998-03-05,192,85,Turkey,Juventus,74,CB,SUB-CB,39,57,75,,,,,,,31,32,68,62,34,61,55,63,69,65,70,59,60,69,68,76,38,69,76,77,75
189342,https://sofifa.com/player/189342/carlo-pinsoglio/20/159586,Carlo Pinsoglio,1990-03-16,194,85,Italy,Juventus,72,GK,RES-GK,,,,74,70,58,76,42,74,13,11,13,24,8,28,22,43,41,36,62,40,44,71,34,18,35,64,20,12,13
229337,https://sofifa.com/player/229337/matheus-pereira-da-silva/20/159586,Matheus Pereira da Silva,1998-02-25,181,68,Brazil,Juventus,71,CAM,RES-CAM,59,78,35,,,,,,,60,60,52,70,66,64,79,75,75,77,72,70,58,57,69,33,64,73,25,40,38
243237,https://sofifa.com/player/243237/luca-pellegrini/20/159586,Luca Pellegrini,1999-03-07,178,72,Italy,Juventus,69,LB,RES-LB,35,67,65,,,,,,,74,30,57,67,33,40,70,78,75,62,64,69,36,59,69,60,44,60,64,70,69
208523,https://sofifa.com/player/208523/stefano-beltrame/20/159586,Stefano  Beltrame,1993-02-08,183,73,Italy,Juventus,68,"LW, CAM, CF",RES-CAM,63,73,26,,,,,,,67,58,42,67,68,67,75,80,78,76,55,72,68,63,76,20,59,59,37,16,14
230768,https://sofifa.com/player/230768/luca-clemenza/20/159586,Luca Clemenza,1997-07-09,175,77,Italy,Juventus,67,"CAM, CM",RES-CAM,57,74,33,,,,,,,66,55,43,72,59,63,77,68,63,68,56,69,64,40,65,20,62,62,44,28,28
251790,https://sofifa.com/player/251790/hamza-rafia/20/159586,Hamza Rafia,1999-04-22,174,68,France,Juventus,66,CAM,RES-CAM,65,71,29,,,,,,,61,60,38,63,55,60,71,68,64,63,64,82,74,49,48,28,61,63,26,33,19
211067,https://sofifa.com/player/211067/dario-del-fabro/20/159586,Dario Del Fabro,1995-03-24,189,81,Italy,Juventus,66,CB,RES-CB,34,48,67,,,,,,,25,23,68,49,34,46,47,61,59,56,53,67,54,90,65,63,32,58,72,65,63
183277,https://sofifa.com/player/183277/eden-hazard/20/159586,Eden Hazard,1991-01-07,175,74,Belgium,Real Madrid,91,"LW, CF",LW,83,94,35,,,,,,,81,84,61,89,83,83,94,94,88,95,90,94,82,56,84,41,89,91,34,27,22
177003,https://sofifa.com/player/177003/luka-modric/20/159586,Luka Modrić,1985-09-09,172,66,Croatia,Real Madrid,90,CM,RCM,76,89,72,,,,,,,86,72,55,92,76,88,92,77,71,92,89,93,79,68,85,82,91,92,68,76,71
155862,https://sofifa.com/player/155862/sergio-ramos-garcia/20/159586,Sergio Ramos García,1986-03-30,184,82,Spain,Real Madrid,89,CB,LCB,68,73,87,,,,,,,66,63,92,80,69,83,83,74,71,78,87,66,79,93,80,88,71,84,85,87,90
192119,https://sofifa.com/player/192119/thibaut-courtois/20/159586,Thibaut Courtois,1992-05-11,199,96,Belgium,Real Madrid,88,GK,GK,,,,85,89,72,87,49,85,14,14,13,33,12,35,23,46,52,61,83,45,54,68,38,15,44,66,20,18,16
182521,https://sofifa.com/player/182521/toni-kroos/20/159586,Toni Kroos,1990-01-04,183,76,Germany,Real Madrid,88,CM,LCM,80,81,70,,,,,,,88,75,58,91,82,92,89,50,41,60,87,71,87,30,74,76,89,88,72,70,62
200145,https://sofifa.com/player/200145/carlos-henrique-venancio-casimiro/20/159586,Carlos Henrique Venancio Casimiro,1992-02-23,185,84,Brazil,Real Madrid,87,CDM,CDM,72,72,85,,,,,,,58,64,76,83,61,82,78,58,66,62,86,66,86,87,88,86,77,84,84,87,86
165153,https://sofifa.com/player/165153/karim-benzema/20/159586,Karim Benzema,1987-12-19,185,81,France,Real Madrid,87,"CF, ST",CF,82,86,39,,,,,,,75,84,83,85,83,72,90,78,74,78,85,69,82,77,79,39,86,87,47,24,18
193041,https://sofifa.com/player/193041/keylor-navas/20/159586,Keylor Navas,1986-12-15,185,80,Costa Rica,Real Madrid,87,GK,SUB-GK,,,,90,81,75,90,53,82,11,15,11,30,11,37,19,54,53,60,84,61,56,74,39,20,68,67,28,14,14
197781,https://sofifa.com/player/197781/francisco-roman-alarcon-suarez/20/159586,Francisco Román Alarcón Suárez,1992-04-21,176,79,Spain,Real Madrid,86,"CAM, CM, LW",SUB-CAM,77,91,59,,,,,,,78,79,55,84,67,80,93,74,68,85,76,90,69,61,62,61,87,86,58,64,51
201535,https://sofifa.com/player/201535/raphael-varane/20/159586,Raphaël Varane,1993-04-25,191,81,France,Real Madrid,85,CB,RCB,45,63,85,,,,,,,36,40,83,75,42,76,77,79,86,63,83,38,52,79,72,82,59,84,87,86,85
204963,https://sofifa.com/player/204963/daniel-carvajal-ramos/20/159586,Daniel Carvajal Ramos,1992-01-11,173,73,Spain,Real Madrid,85,RB,RB,47,81,82,,,,,,,84,41,70,83,34,74,84,79,83,80,84,82,68,77,90,83,74,82,83,83,85
173731,https://sofifa.com/player/173731/gareth-bale/20/159586,Gareth Frank Bale,1989-07-16,185,82,Wales,Real Madrid,85,"RW, LW, ST",SUB-LW,87,82,58,,,,,,,86,84,84,81,85,80,84,90,91,79,80,65,92,86,73,59,79,85,54,55,52
176676,https://sofifa.com/player/176676/marcelo-vieira-da-silva/20/159586,Marcelo Vieira da Silva Júnior,1988-05-12,174,75,Brazil,Real Madrid,85,LB,LB,74,89,77,,,,,,,89,73,75,85,63,77,92,82,80,85,85,86,82,77,79,81,80,85,71,79,82
198710,https://sofifa.com/player/198710/james-rodriguez/20/159586,James David Rodríguez Rubio,1991-07-12,180,75,Colombia,Real Madrid,85,"CAM, CM, RM",SUB-CAM,86,86,50,,,,,,,90,83,62,86,90,83,90,57,54,80,84,76,86,46,65,55,86,87,52,41,44
232432,https://sofifa.com/player/232432/luka-jovic/20/159586,Luka Jović,1997-12-23,182,85,Serbia,Real Madrid,83,ST,SUB-ST,82,81,29,,,,,,,67,86,79,74,84,58,83,76,77,78,83,77,83,75,76,23,70,79,25,26,16
220834,https://sofifa.com/player/220834/marco-asensio-willemsen/20/159586,Marco Asensio Willemsen,1996-01-21,182,76,Spain,Real Madrid,83,"LW, RW",SUB-RW,80,84,43,,,,,,,82,78,57,82,79,81,87,83,80,79,78,76,86,58,79,45,82,83,40,42,39
200724,https://sofifa.com/player/200724/jose-ignacio-fernandez-iglesias/20/159586,José Ignacio Fernández Iglesias,1990-01-18,180,76,Spain,Real Madrid,82,"CB, LB, RB",SUB-CB,37,64,81,,,,,,,70,32,80,78,38,61,78,68,78,60,77,69,54,81,78,81,53,73,77,85,84
240130,https://sofifa.com/player/240130/eder-gabriel-militao/20/159586,Éder Gabriel Militão,1998-01-18,186,78,Brazil,Real Madrid,81,"CB, RB",SUB-CB,50,71,81,,,,,,,72,48,77,69,34,68,71,78,80,69,81,67,62,86,88,82,59,74,81,82,80
208618,https://sofifa.com/player/208618/lucas-vazquez-iglesias/20/159586,Lucas Vázquez Iglesias,1991-07-01,173,70,Spain,Real Madrid,81,"RW, RM",SUB-RM,73,82,58,,,,,,,80,72,56,79,58,75,81,85,80,81,85,83,80,68,91,59,80,75,57,59,58
228618,https://sofifa.com/player/228618/ferland-mendy/20/159586,Ferland Mendy,1995-06-08,180,73,France,Real Madrid,80,LB,SUB-LB,64,79,75,,,,,,,74,63,69,77,50,76,76,90,88,80,82,78,69,78,88,75,73,78,73,78,77
234035,https://sofifa.com/player/234035/alvaro-odriozola-arzalluz/20/159586,Álvaro Odriozola Arzalluz,1995-12-14,176,66,Spain,Real Madrid,80,RB,SUB-RB,53,77,77,,,,,,,81,45,73,77,48,70,77,88,90,79,77,78,58,71,85,75,63,69,77,78,79
238794,https://sofifa.com/player/238794/vinicius-jose-de-oliveira-junior/20/159586,Vinícius José de Oliveira Júnior,2000-07-12,176,73,Brazil,Real Madrid,79,LW,RW,70,85,29,,,,,,,71,68,50,73,70,67,82,92,94,93,77,83,74,75,79,26,73,77,32,25,18
221639,https://sofifa.com/player/221639/mariano-diaz-mejia/20/159586,Mariano Díaz Mejía,1993-08-01,180,76,Dominican Republic,Real Madrid,79,ST,SUB-ST,80,73,45,,,,,,,50,79,82,66,70,51,72,81,83,78,78,72,85,92,78,45,63,68,41,40,34
239053,https://sofifa.com/player/239053/federico-valverde/20/159586,Federico Valverde,1998-07-22,182,78,Uruguay,Real Madrid,77,"CM, LM, CDM",RES-CM,69,73,66,,,,,,,56,67,49,80,43,83,76,66,69,68,75,65,77,44,67,69,78,80,70,69,53
243812,https://sofifa.com/player/243812/rodrygo-silva-de-goes/20/159586,Rodrygo Silva de Goes,2001-01-09,174,64,Brazil,Real Madrid,76,"LW, RW, ST",RES-RW,72,80,29,,,,,,,70,74,62,67,67,45,76,86,84,87,77,84,71,73,82,21,68,81,25,28,24
209749,https://sofifa.com/player/209749/lucas-silva-borges/20/159586,Lucas Silva Borges,1993-02-16,182,80,Brazil,Real Madrid,74,"CDM, CM",RES-CDM,62,71,71,,,,,,,61,52,64,74,50,72,75,56,61,64,73,62,76,71,75,71,71,72,70,74,72
231410,https://sofifa.com/player/231410/brahim-diaz/20/159586,Brahim Díaz,1999-08-03,171,68,Spain,Real Madrid,73,"LW, RW",RES-LW,66,81,29,,,,,,,60,67,30,71,44,50,80,81,75,83,70,86,70,65,56,20,66,70,43,23,21
237681,https://sofifa.com/player/237681/takefusa-kubo/20/159586,久保 建英,2001-06-04,173,67,Japan,Real Madrid,70,"RM, CF",RES-RM,60,78,39,,,,,,,55,64,39,67,57,54,78,89,77,83,61,83,61,54,72,29,60,64,40,43,48
244523,https://sofifa.com/player/244523/javier-hernandez-carrera/20/159586,Javier Hernández Carrera,1998-05-02,182,72,Spain,Real Madrid,69,"CB, LWB",RES-CB,47,66,69,,,,,,,67,31,67,68,36,59,66,70,69,69,65,65,65,69,70,70,54,67,68,70,69
245287,https://sofifa.com/player/245287/sergio-lopez-galache/20/159586,Sergio López Galache,1999-04-08,179,66,Spain,Real Madrid,66,RB,RES-RB,55,67,62,,,,,,,67,52,64,66,48,56,65,78,81,69,65,72,63,61,61,60,60,62,63,61,63
246608,https://sofifa.com/player/246608/alvaro-fidalgo-fernandez/20/159586,Álvaro Fidalgo Fernández,1997-04-09,175,68,Spain,Real Madrid,66,"CAM, CM, LM",RES-CAM,50,69,49,,,,,,,61,49,44,69,46,65,70,65,63,68,62,77,54,51,64,52,70,68,46,51,47
245290,https://sofifa.com/player/245290/adrian-de-la-fuente/20/159586,Adrián de la Fuente,1999-02-22,179,78,Spain,Real Madrid,65,CB,RES-CB,39,55,64,,,,,,,48,35,62,56,34,53,57,58,57,55,61,61,49,69,58,64,42,60,62,65,64
247411,https://sofifa.com/player/247411/diego-altube-suarez/20/159586,Diego Altube Suárez,2000-02-22,188,85,Spain,Real Madrid,62,GK,RES-GK,,,,62,58,63,63,16,59,11,8,14,27,6,29,14,17,15,29,62,37,47,53,25,8,32,33,6,14,14
203376,https://sofifa.com/player/203376/virgil-van-dijk/20/159586,Virgil van Dijk,1991-07-08,193,92,Netherlands,Liverpool,90,CB,LCB,60,71,90,,,,,,,53,52,86,78,45,81,76,74,79,61,88,53,81,90,75,89,65,89,91,92,85
209331,https://sofifa.com/player/209331/mohamed-salah/20/159586,Mohamed  Salah Ghaly,1992-06-15,175,71,Egypt,Liverpool,90,"RW, ST",RW,86,89,45,,,,,,,79,90,59,84,79,75,89,94,92,91,92,88,80,69,85,55,84,91,38,43,41
212831,https://sofifa.com/player/212831/alisson-ramses-becker/20/159586,Alisson Ramses Becker,1992-10-02,191,91,Brazil,Liverpool,89,GK,GK,,,,85,84,85,89,51,90,17,13,19,45,20,44,30,56,47,40,88,37,64,52,32,11,66,65,15,19,16
208722,https://sofifa.com/player/208722/sadio-mane/20/159586,Sadio Mané,1992-04-10,175,69,Senegal,Liverpool,88,"LW, LM",LW,83,89,44,,,,,,,74,87,81,81,75,71,87,95,93,92,90,86,84,86,85,35,83,84,42,42,38
201942,https://sofifa.com/player/201942/roberto-firmino-barbosa-de-oliveira/20/159586,Roberto Firmino Barbosa de Oliveira,1991-10-02,181,76,Brazil,Liverpool,86,"CF, ST, CAM",CF,82,87,61,,,,,,,72,85,78,86,81,76,88,78,77,80,86,81,81,81,88,58,86,88,60,64,42
209499,https://sofifa.com/player/209499/fabio-henrique-tavares/20/159586,Fábio Henrique Tavares,1993-10-23,188,78,Brazil,Liverpool,85,CDM,CDM,69,77,85,,,,,,,75,66,75,83,47,82,82,67,69,66,84,66,78,75,88,88,78,84,84,86,85
216267,https://sofifa.com/player/216267/andrew-robertson/20/159586,Andrew Robertson,1994-03-11,178,64,Scotland,Liverpool,85,LB,LB,62,79,80,,,,,,,89,57,63,79,32,71,81,83,86,78,84,74,74,62,94,82,77,79,81,83,80
181291,https://sofifa.com/player/181291/georginio-wijnaldum/20/159586,Georginio Wijnaldum,1990-11-11,175,69,Netherlands,Liverpool,84,"CM, CDM",LCM,73,84,76,,,,,,,69,70,74,85,73,79,85,79,76,81,83,84,78,79,93,78,78,86,76,78,69
231281,https://sofifa.com/player/231281/trent-alexander-arnold/20/159586,Trent Alexander-Arnold,1998-10-07,180,69,England,Liverpool,83,RB,RB,62,78,78,,,,,,,88,56,68,81,50,82,82,79,81,74,82,74,76,66,83,79,78,75,76,83,79
183711,https://sofifa.com/player/183711/jordan-henderson/20/159586,Jordan Brian Henderson,1990-06-17,182,80,England,Liverpool,83,"CDM, CM",RCM,70,77,78,,,,,,,82,67,65,84,71,84,81,65,64,69,84,70,77,77,90,80,83,78,79,80,76
220971,https://sofifa.com/player/220971/naby-keita/20/159586,Naby Keïta,1995-02-10,172,64,Guinea,Liverpool,82,"CM, CDM",SUB-CM,73,88,65,,,,,,,62,74,42,85,71,76,88,77,66,89,81,90,76,52,79,76,80,81,68,64,62
197061,https://sofifa.com/player/197061/joel-matip/20/159586,Joël Andre Job Matip,1991-08-08,194,90,Cameroon,Liverpool,82,CB,SUB-CB,46,67,83,,,,,,,54,36,82,77,50,74,70,54,67,51,82,42,66,67,70,83,72,79,83,85,79
193348,https://sofifa.com/player/193348/xherdan-shaqiri/20/159586,Xherdan Shaqiri,1991-10-10,169,72,Switzerland,Liverpool,82,"RW, RM",SUB-RW,77,85,46,,,,,,,79,71,45,82,76,81,84,83,77,83,80,91,87,51,73,55,81,82,35,49,48
138412,https://sofifa.com/player/138412/james-milner/20/159586,James Philip Milner,1986-01-04,175,70,England,Liverpool,81,"CM, LB",SUB-CM,70,77,77,,,,,,,86,62,66,84,76,81,80,63,59,69,84,73,82,62,90,79,79,86,77,80,79
225100,https://sofifa.com/player/225100/joe-gomez/20/159586,Joe Gomez,1997-05-23,188,77,England,Liverpool,80,"CB, RB",RCB,30,68,79,,,,,,,69,26,71,74,24,62,70,76,85,64,79,66,41,66,74,81,56,72,79,82,78
198784,https://sofifa.com/player/198784/alex-oxlade-chamberlain/20/159586,Alex Oxlade-Chamberlain,1993-08-15,175,70,England,Liverpool,80,"CM, RM",SUB-RM,73,84,66,,,,,,,78,69,39,80,58,75,84,80,83,80,78,88,80,69,78,72,81,77,67,70,66
195086,https://sofifa.com/player/195086/dejan-lovren/20/159586,Dejan Lovren,1989-07-05,188,84,Croatia,Liverpool,80,CB,SUB-CB,40,62,80,,,,,,,59,33,80,68,42,66,67,54,54,50,75,41,63,81,64,81,56,69,76,82,84
180819,https://sofifa.com/player/180819/adam-lallana/20/159586,Adam David Lallana,1988-05-10,178,73,England,Liverpool,79,CM,SUB-CM,71,82,62,,,,,,,74,70,67,83,72,75,84,69,65,78,74,75,72,70,67,63,82,80,61,62,62
213135,https://sofifa.com/player/213135/divock-origi/20/159586,Divock Origi,1995-04-18,188,75,Belgium,Liverpool,78,ST,SUB-ST,76,75,27,,,,,,,69,77,75,74,70,59,76,78,85,72,77,66,81,76,70,28,69,75,16,24,18
190456,https://sofifa.com/player/190456/nathaniel-clyne/20/159586,Nathaniel Edwin Clyne,1991-04-05,175,67,England,Liverpool,78,RB,SUB-RB,61,77,77,,,,,,,78,54,68,76,45,66,78,74,68,77,76,75,74,69,75,78,64,75,76,80,80
194911,https://sofifa.com/player/194911/adrian-san-miguel-castillo/20/159586,Adrián San Miguel del Castillo,1987-01-03,190,80,Spain,Liverpool,76,GK,SUB-GK,,,,79,72,68,80,45,72,12,16,15,21,12,32,23,46,44,53,71,48,51,69,38,25,32,59,18,19,14
224520,https://sofifa.com/player/224520/ryan-kent/20/159586,Ryan Kent,1996-11-11,172,65,England,Liverpool,73,"LW, LM, RW",RES-RW,60,78,23,,,,,,,70,64,35,70,36,63,74,89,88,92,63,85,58,50,66,22,68,70,24,20,17
236247,https://sofifa.com/player/236247/herbie-kane/20/159586,Herbie Kane,1998-11-23,177,67,England,Liverpool,67,CM,RES-CM,59,65,55,,,,,,,46,60,56,72,47,67,67,69,72,67,66,78,63,59,69,54,67,59,49,59,62
242453,https://sofifa.com/player/242453/sepp-van-den-berg/20/159586,Sepp van den Berg,2001-12-20,194,78,Netherlands,Liverpool,66,CB,SUB-CB,30,63,65,,,,,,,37,24,61,66,27,62,68,67,69,52,64,52,45,66,62,66,60,64,65,67,59
224019,https://sofifa.com/player/224019/pedro-chirivella-burgos/20/159586,Pedro Chirivella Burgos,1997-05-23,178,66,Spain,Liverpool,66,"CM, CDM",RES-CDM,46,66,57,,,,,,,52,40,55,74,40,61,67,63,66,74,64,65,62,53,74,68,66,72,43,61,66
118794,https://sofifa.com/player/118794/andy-lonergan/20/159586,Andrew Lonergan,1983-10-19,192,87,England,Liverpool,65,GK,RES-GK,,,,65,62,52,67,41,65,12,14,15,29,15,27,24,40,41,50,65,42,39,66,28,12,32,30,14,15,14
238460,https://sofifa.com/player/238460/rhian-brewster/20/159586,Rhian Brewster,2000-04-01,180,75,England,Liverpool,64,ST,SUB-ST,63,65,19,,,,,,,50,67,55,57,55,50,63,78,76,77,63,76,60,67,58,12,54,60,14,17,17
246763,https://sofifa.com/player/246763/ki-jana-hoever/20/159586,Ki-Jana Hoever,2002-01-18,183,67,Netherlands,Liverpool,62,"RB, CB",RES-RB,36,64,61,,,,,,,58,31,53,61,40,51,63,74,70,68,58,65,42,70,58,63,51,69,61,62,57
242434,https://sofifa.com/player/242434/curtis-jones/20/159586,Curtis Jones,2001-01-30,182,68,England,Liverpool,61,"CM, CAM, LM",RES-CAM,56,66,48,,,,,,,54,56,50,64,53,61,65,64,58,73,58,68,60,57,48,44,64,62,47,52,47
247507,https://sofifa.com/player/247507/paul-glatzel/20/159586,Paul Glatzel,2001-02-20,174,67,Germany,Liverpool,60,ST,RES-ST,60,59,30,,,,,,,48,60,55,55,56,45,57,68,68,73,60,71,62,60,51,20,53,55,26,33,24
243056,https://sofifa.com/player/243056/adam-lewis/20/159586,Adam Lewis,1999-11-08,175,63,England,Liverpool,60,"LB, LM, CM",RES-LB,36,60,57,,,,,,,62,38,49,56,32,52,57,70,62,68,57,69,30,71,59,58,53,45,56,60,57
252302,https://sofifa.com/player/252302/yasser-larouci/20/159586,Yasser Larouci,2001-01-01,175,69,Algeria,Liverpool,59,LB,RES-LB,47,63,56,,,,,,,57,45,48,54,42,49,61,73,75,65,56,69,52,70,54,57,52,59,55,60,56
240913,https://sofifa.com/player/240913/caoimhin-kelleher/20/159586,Caoimhin Kelleher,1998-11-23,188,69,Republic of Ireland,Liverpool,59,GK,RES-GK,,,,60,56,53,62,39,57,13,6,13,25,9,29,14,40,38,36,57,48,40,64,19,12,22,35,18,10,14
190544,https://sofifa.com/player/190544/adem-ljajic/20/159586,Adem Ljajić,1991-09-29,182,74,Serbia,Beşiktaş JK,81,"CAM, LW",CAM,75,84,37,,,,,,,82,70,48,80,74,77,86,81,76,81,74,81,82,63,72,32,80,78,39,35,35
20775,https://sofifa.com/player/20775/ricardo-andrade-quaresma-bernardo/20/159586,Ricardo Andrade Quaresma Bernardo,1983-09-26,175,67,Portugal,Beşiktaş JK,81,"RM, LM",RM,73,86,24,,,,,,,91,67,41,79,80,75,86,77,77,86,75,84,79,63,62,24,84,82,29,17,11
199206,https://sofifa.com/player/199206/domagoj-vida/20/159586,Domagoj Vida,1989-04-29,184,76,Croatia,Beşiktaş JK,80,"CB, RB",RCB,40,60,82,,,,,,,65,41,79,66,36,60,66,68,80,64,75,63,54,79,76,81,50,78,85,79,83
203775,https://sofifa.com/player/203775/loris-karius/20/159586,Loris Karius,1993-06-22,189,87,Germany,Beşiktaş JK,79,GK,GK,,,,82,74,78,82,54,76,14,18,14,38,14,41,23,55,54,51,74,43,59,74,36,13,50,60,9,11,13
124375,https://sofifa.com/player/124375/burak-yilmaz/20/159586,Burak Yılmaz,1985-07-15,188,77,Turkey,Beşiktaş JK,79,ST,ST,81,69,34,,,,,,,68,82,72,66,77,60,69,81,79,72,81,48,85,66,69,33,64,81,29,29,26
193469,https://sofifa.com/player/193469/victor-ruiz-torre/20/159586,Víctor Ruíz Torre,1989-01-25,185,78,Spain,Beşiktaş JK,79,CB,LCB,42,59,80,,,,,,,54,37,77,71,39,70,69,50,53,52,75,55,59,76,68,79,56,69,80,80,82
193532,https://sofifa.com/player/193532/gary-medel/20/159586,Gary Alexis Medel Soto,1987-08-03,171,65,Chile,Beşiktaş JK,78,"CDM, CB",RDM,47,69,77,,,,,,,50,31,68,79,58,67,70,67,69,78,80,92,65,82,83,79,65,80,74,83,76
196934,https://sofifa.com/player/196934/oguzhan-ozyakup/20/159586,Oğuzhan Özyakup,1992-09-23,180,75,Turkey,Beşiktaş JK,77,"CM, CDM, CAM",SUB-CAM,70,79,62,,,,,,,79,62,50,80,72,77,80,70,69,86,71,79,78,72,77,66,80,77,60,65,64
178416,https://sofifa.com/player/178416/jeremain-lens/20/159586,Jeremain Lens,1987-11-24,178,75,Netherlands,Beşiktaş JK,77,"RM, RW",LM,74,79,36,,,,,,,72,72,63,74,83,63,78,91,88,75,77,79,80,74,74,23,70,76,35,39,32
134744,https://sofifa.com/player/134744/atiba-hutchinson/20/159586,Atiba Hutchinson,1983-02-08,187,83,Canada,Beşiktaş JK,76,"CDM, CM",SUB-CDM,64,71,75,,,,,,,69,61,75,82,63,74,72,65,65,59,76,61,73,62,73,75,65,82,76,77,68
211672,https://sofifa.com/player/211672/tyler-boyd/20/159586,Tyler Boyd,1994-12-30,180,66,United States,Beşiktaş JK,75,"RM, LM",SUB-RM,73,78,18,,,,,,,69,74,44,72,75,44,74,88,84,87,77,86,79,59,73,12,68,64,20,14,12
143699,https://sofifa.com/player/143699/gokhan-gonul/20/159586,Gökhan Gönül,1985-01-04,175,75,Turkey,Beşiktaş JK,75,RB,RB,63,76,73,,,,,,,77,58,60,74,57,70,73,76,77,77,79,78,70,78,73,75,72,78,70,78,73
171875,https://sofifa.com/player/171875/caner-erkin/20/159586,Caner Erkin,1988-10-04,181,72,Turkey,Beşiktaş JK,75,"LB, LM",LB,73,79,69,,,,,,,78,67,62,74,76,74,79,78,79,76,78,69,82,79,78,70,72,77,65,73,73
234930,https://sofifa.com/player/234930/pedro-miguel-braga-rebocho/20/159586,Pedro Miguel Braga Rebocho,1995-01-23,170,74,Portugal,Beşiktaş JK,74,LB,SUB-LB,58,75,71,,,,,,,77,45,64,75,49,72,75,74,74,77,69,83,78,81,80,70,49,70,70,75,74
223717,https://sofifa.com/player/223717/dorukhan-tokoz/20/159586,Dorukhan Toköz,1996-05-21,180,75,Turkey,Beşiktaş JK,73,"CDM, CM",LDM,65,70,72,,,,,,,58,62,62,76,59,70,68,74,69,69,69,70,77,66,68,75,60,70,73,72,77
198868,https://sofifa.com/player/198868/nicolas-isimat-mirin/20/159586,Nicolas Isimat-Mirin,1991-11-15,189,80,France,Beşiktaş JK,73,CB,SUB-CB,34,45,73,,,,,,,47,28,75,67,14,65,53,57,68,56,64,54,52,75,66,71,34,65,72,74,72
193429,https://sofifa.com/player/193429/douglas-pereira-dos-santos/20/159586,Douglas Pereira dos Santos,1990-08-06,171,60,Brazil,Beşiktaş JK,73,"RB, RM",SUB-RB,65,76,70,,,,,,,76,59,49,75,56,69,70,77,83,80,71,86,78,75,66,64,60,65,75,75,73
200106,https://sofifa.com/player/200106/aras-ozbiliz/20/159586,Aras Özbiliz,1990-03-09,175,72,Armenia,Beşiktaş JK,73,RW,SUB-RW,73,75,33,,,,,,,75,71,41,73,70,68,75,79,77,82,62,77,78,65,61,44,67,62,30,28,23
223749,https://sofifa.com/player/223749/orkan-cinar/20/159586,Orkan Çınar,1996-01-29,174,70,Turkey,Beşiktaş JK,72,RM,SUB-RM,66,77,25,,,,,,,70,60,42,72,62,71,76,79,79,87,61,73,75,40,66,22,62,60,22,22,30
212225,https://sofifa.com/player/212225/enzo-roco/20/159586,Enzo Pablo Roco Roco,1992-08-16,192,79,Chile,Beşiktaş JK,72,CB,SUB-CB,41,56,72,,,,,,,40,43,77,68,27,60,60,33,43,57,70,40,45,78,70,70,49,64,73,71,68
245368,https://sofifa.com/player/245368/guven-yalcin/20/159586,Güven Yalçın,1999-01-18,184,77,Turkey,Beşiktaş JK,70,"ST, LM",SUB-ST,70,73,23,,,,,,,56,74,65,68,59,55,67,80,77,72,64,65,72,60,57,20,57,52,19,16,21
193945,https://sofifa.com/player/193945/necip-uysal/20/159586,Necip Uysal,1991-01-24,180,72,Turkey,Beşiktaş JK,70,"CDM, CB, RB",SUB-CB,56,66,70,,,,,,,68,55,72,68,33,69,69,69,70,66,67,67,65,80,70,68,50,59,68,73,71
230624,https://sofifa.com/player/230624/umut-nayir/20/159586,Umut Nayir,1993-06-28,191,75,Turkey,Beşiktaş JK,69,ST,RES-ST,66,65,22,,,,,,,47,71,74,45,58,33,70,68,66,64,66,42,62,66,64,19,55,50,18,13,19
247370,https://sofifa.com/player/247370/muhayer-oktay/20/159586,Muhayer Oktay,1999-04-28,175,75,Turkey,Beşiktaş JK,65,"CAM, CM",RES-CAM,56,69,38,,,,,,,60,50,40,68,60,67,68,73,66,77,47,75,68,52,52,31,69,55,45,38,33
252207,https://sofifa.com/player/252207/oguzhan-akgun/20/159586,Oğuzhan Akgün,2001-07-13,178,68,Turkey,Beşiktaş JK,64,ST,RES-ST,66,62,24,,,,,,,47,67,66,52,64,48,60,69,60,60,64,72,65,60,55,21,53,64,22,18,13
252216,https://sofifa.com/player/252216/erdem-secgin/20/159586,Erdem Seçgin,2000-01-05,180,75,Turkey,Beşiktaş JK,63,CM,RES-CM,54,64,59,,,,,,,46,50,56,67,43,66,65,68,67,69,54,72,66,70,60,57,61,62,58,62,55
235652,https://sofifa.com/player/235652/utku-yuvakuran/20/159586,Utku Yuvakuran,1997-11-02,192,81,Turkey,Beşiktaş JK,63,GK,SUB-GK,,,,64,60,59,64,35,60,11,8,12,33,5,34,16,36,35,48,61,27,44,46,17,9,33,38,22,12,13
224308,https://sofifa.com/player/224308/oguzhan-aydogan/20/159586,Oğuzhan Aydoğan,1997-02-04,175,67,Germany,Beşiktaş JK,63,"CAM, LM, RM",RES-CAM,62,69,23,,,,,,,60,60,48,62,63,51,69,69,64,75,52,78,67,58,52,27,60,50,20,16,21
245370,https://sofifa.com/player/245370/ersin-destanoglu/20/159586,Ersin Destanoğlu,2001-01-01,195,88,Turkey,Beşiktaş JK,62,GK,RES-GK,,,,63,65,58,72,22,62,14,9,10,15,5,15,17,30,15,23,32,25,44,38,20,9,44,21,6,13,12
252208,https://sofifa.com/player/252208/ridvan-yilmaz/20/159586,Ridvan Yilmaz,2001-05-21,174,67,Turkey,Beşiktaş JK,60,LB,RES-LB,45,61,57,,,,,,,58,42,47,54,33,48,55,76,60,68,54,79,52,72,65,55,42,49,53,65,62
192629,https://sofifa.com/player/192629/iago-aspas-juncal/20/159586,Iago Aspas Juncal,1987-08-01,176,67,Spain,RC Celta,85,"ST, RW",RS,84,85,35,,,,,,,80,88,78,79,83,68,85,80,76,87,85,72,79,66,71,39,79,85,39,21,18
212623,https://sofifa.com/player/212623/santiago-mina-lorenzo/20/159586,Santiago Mina Lorenzo,1995-12-07,181,77,Spain,RC Celta,80,ST,LS,79,78,53,,,,,,,73,82,77,72,75,65,79,75,78,75,79,72,80,73,75,55,68,69,51,46,49
216435,https://sofifa.com/player/216435/stanislav-lobotka/20/159586,Stanislav Lobotka,1994-11-25,170,64,Slovakia,RC Celta,79,"CM, CDM",RDM,63,78,70,,,,,,,68,64,45,84,43,77,82,66,63,76,74,81,62,79,85,74,76,74,69,76,68
205201,https://sofifa.com/player/205201/okay-yokuslu/20/159586,Okay Yokuşlu,1994-03-09,190,79,Turkey,RC Celta,78,"CDM, CM, CB",SUB-CDM,70,73,75,,,,,,,67,65,78,79,70,74,78,64,72,62,72,60,79,69,88,76,71,73,74,77,71
205192,https://sofifa.com/player/205192/denis-suarez-fernandez/20/159586,Denis Suárez Fernández,1994-01-06,176,69,Spain,RC Celta,78,"CM, LM, RM",LM,72,83,59,,,,,,,77,72,44,81,68,78,83,77,76,82,82,76,75,58,66,62,81,70,69,59,42
194229,https://sofifa.com/player/194229/hugo-mallo-novegil/20/159586,Hugo Mallo Novegil,1991-06-22,173,69,Spain,RC Celta,78,RB,RB,39,73,75,,,,,,,78,28,65,71,28,68,78,67,69,74,80,65,71,78,83,78,64,70,69,81,82
235944,https://sofifa.com/player/235944/brais-mendez-portela/20/159586,Brais Méndez Portela,1997-01-07,187,76,Spain,RC Celta,77,"RM, CAM",RM,75,77,50,,,,,,,74,78,52,76,65,73,80,73,74,70,74,47,73,64,66,55,78,78,49,49,44
212196,https://sofifa.com/player/212196/pione-sisto/20/159586,Pione Sisto Ifolo Emirmija,1995-02-04,171,64,Denmark,RC Celta,77,"LW, LM",SUB-LM,75,82,47,,,,,,,74,76,51,70,65,65,80,78,81,76,71,79,79,81,70,49,75,71,35,55,48
211101,https://sofifa.com/player/211101/ruben-blanco-veiga/20/159586,Rubén Blanco Veiga,1995-07-25,188,70,Spain,RC Celta,76,GK,GK,,,,79,75,73,74,53,76,18,18,15,35,19,29,10,54,52,52,66,57,55,62,44,22,37,57,25,11,11
192041,https://sofifa.com/player/192041/nestor-araujo/20/159586,Néstor Alejandro Araújo Razo,1991-08-29,188,87,Mexico,RC Celta,76,CB,LCB,41,58,76,,,,,,,32,34,77,72,36,66,69,67,69,45,71,62,57,65,69,76,43,71,74,78,76
235997,https://sofifa.com/player/235997/francisco-jose-beltran-peinado/20/159586,Francisco José Beltrán Peinado,1999-02-03,170,66,Spain,RC Celta,75,"CDM, CM, CAM",LDM,53,75,75,,,,,,,69,47,60,75,55,77,73,71,66,77,71,77,61,58,66,76,76,66,78,75,79
221832,https://sofifa.com/player/221832/lucas-olaza/20/159586,Lucas René Olaza Catrofe,1994-07-21,175,68,Uruguay,RC Celta,75,LB,LB,71,74,71,,,,,,,76,65,62,73,59,64,76,81,77,70,67,77,81,66,76,73,69,72,67,76,75
163806,https://sofifa.com/player/163806/sergio-alvarez-conde/20/159586,Sergio Álvarez Conde,1986-08-03,180,75,Spain,RC Celta,75,GK,SUB-GK,,,,75,65,75,81,43,76,21,11,9,37,11,39,21,44,43,50,75,48,56,64,33,15,38,58,20,12,13
226773,https://sofifa.com/player/226773/pape-cheikh-diop/20/159586,Pape Cheikh Diop Gueye,1997-08-08,180,68,Spain,RC Celta,74,"CM, CDM",SUB-CM,60,75,64,,,,,,,53,58,41,76,34,76,74,76,75,78,67,64,72,72,74,69,76,72,63,69,66
230021,https://sofifa.com/player/230021/joseph-aidoo/20/159586,Joseph Aidoo,1995-09-29,180,80,Ghana,RC Celta,74,CB,RCB,25,45,73,,,,,,,29,18,74,48,21,42,48,74,79,63,65,71,40,86,78,71,23,63,70,76,72
210214,https://sofifa.com/player/210214/jozabed-sanchez-ruiz/20/159586,Jozabed Sánchez Ruiz,1991-03-08,180,65,Spain,RC Celta,74,"CM, CDM, CAM",SUB-CAM,71,72,57,,,,,,,61,73,64,78,54,72,75,61,57,70,71,63,71,64,63,64,79,67,40,64,67
202501,https://sofifa.com/player/202501/david-junca-rene/20/159586,David Juncà Reñé,1993-11-16,176,67,Spain,RC Celta,73,"LB, LWB",SUB-LB,45,67,69,,,,,,,73,35,72,74,43,61,68,72,72,72,67,78,61,75,85,71,48,67,62,71,73
225106,https://sofifa.com/player/225106/jorge-saenz-de-miera/20/159586,Jorge Sáenz de Miera,1996-11-17,192,75,Spain,RC Celta,72,CB,SUB-CB,42,63,71,,,,,,,52,35,74,70,46,60,66,62,70,57,66,64,52,79,85,68,71,72,73,71,68
219848,https://sofifa.com/player/219848/david-costas-cordal/20/159586,David Costas Cordal,1995-03-26,184,71,Spain,RC Celta,72,CB,SUB-CB,43,65,72,,,,,,,65,42,78,74,31,68,74,65,63,66,60,65,46,73,62,76,50,66,69,72,71
251611,https://sofifa.com/player/251611/gabriel-fernandez/20/159586,Gabriel Fernández,1994-05-13,186,80,Uruguay,RC Celta,72,ST,SUB-ST,71,67,52,,,,,,,55,77,78,65,61,61,71,63,68,71,68,55,65,72,67,61,65,69,54,40,35
183068,https://sofifa.com/player/183068/claudio-beauvue/20/159586,Claudio Beauvue,1988-04-16,174,66,France,RC Celta,72,"ST, RW",SUB-ST,72,71,40,,,,,,,66,72,82,70,78,60,72,68,63,77,61,73,82,83,54,43,61,61,25,45,21
240846,https://sofifa.com/player/240846/emmanuel-apeh/20/159586,Emmanuel Apeh,1996-10-25,180,70,Nigeria,RC Celta,69,ST,SUB-ST,66,67,26,,,,,,,48,66,68,66,67,38,64,70,74,69,67,64,70,53,66,17,55,52,30,16,15
229217,https://sofifa.com/player/229217/yaw-yeboah/20/159586,Yaw Yeboah,1997-03-28,175,70,Ghana,RC Celta,68,"RM, RW",SUB-RM,59,73,25,,,,,,,56,60,55,60,58,48,70,90,90,87,64,81,61,64,61,20,58,65,25,23,14
228716,https://sofifa.com/player/228716/kevin-vazquez-comesana/20/159586,Kevin Vázquez Comesaña,1993-03-23,173,72,Spain,RC Celta,68,RB,RES-RB,52,65,65,,,,,,,69,52,62,65,41,56,68,70,72,51,61,77,54,65,71,63,57,57,59,70,72
222572,https://sofifa.com/player/222572/ivan-villar-martinez/20/159586,Iván Villar Martínez,1997-07-09,189,79,Spain,RC Celta,67,GK,RES-GK,,,,69,62,64,69,33,65,13,12,16,23,12,22,17,32,33,38,67,37,48,52,30,18,46,46,10,15,15
245219,https://sofifa.com/player/245219/juan-hernandez-garcia/20/159586,Juan Hernández García,1994-12-06,177,63,Spain,RC Celta,66,"RM, ST",RES-RM,62,66,24,,,,,,,60,70,42,63,41,74,66,64,63,55,64,69,55,43,52,17,59,55,24,23,26
252865,https://sofifa.com/player/252865/iker-losada-aragunde/20/159586,Iker Losada Aragunde,2001-08-01,175,70,Spain,RC Celta,64,"ST, CF",RES-CF,67,66,33,,,,,,,33,73,52,59,53,51,65,69,70,59,65,75,59,66,57,46,55,48,43,15,16
221397,https://sofifa.com/player/221397/daniel-molina-orta/20/159586,Daniel Molina Orta,1996-03-14,183,73,Spain,RC Celta,64,"CDM, CAM",RES-CAM,59,65,61,,,,,,,49,56,42,72,58,69,69,45,50,65,58,66,59,59,38,59,71,62,56,70,68
243587,https://sofifa.com/player/243587/francisco-barbosa-vieites/20/159586,Francisco Barbosa Vieites,1999-05-07,186,79,Spain,RC Celta,63,GK,RES-GK,,,,65,60,62,63,19,59,11,6,11,24,7,22,14,16,22,32,64,41,47,57,27,14,50,42,10,14,14
240559,https://sofifa.com/player/240559/salomon-obama-ondo/20/159586,Salomón Asumo Obama Ondo,2000-02-04,170,68,Spain,RC Celta,62,"ST, LM",RES-ST,61,65,26,,,,,,,52,63,57,58,53,38,62,77,74,74,59,77,60,67,47,15,46,49,41,11,16
241055,https://sofifa.com/player/241055/diego-varela-pampin/20/159586,Diego Varela Pampín,2000-03-15,175,71,Spain,RC Celta,61,"LB, LM",RES-LB,33,55,58,,,,,,,63,27,64,60,26,40,59,64,57,58,60,63,40,54,55,63,38,44,45,63,62
252866,https://sofifa.com/player/252866/sergio-carreira-vilarino/20/159586,Sergio Carreira Vilariño,2000-10-13,170,68,Spain,RC Celta,61,RB,RES-RB,26,54,60,,,,,,,60,23,55,57,28,25,55,64,62,59,65,77,26,55,60,61,37,51,58,63,58
252864,https://sofifa.com/player/252864/sergio-bermejo-lillo/20/159586,Sergio Bermejo Lillo,1997-08-17,170,67,Spain,RC Celta,61,"CAM, RW, LW",RES-CAM,46,68,31,,,,,,,42,45,38,58,38,64,66,67,73,66,61,78,46,55,44,29,61,53,33,27,37
158144,https://sofifa.com/player/158144/salvador-sevilla-lopez/20/159586,Salvador Sevilla López,1984-03-18,178,71,Spain,RCD Mallorca,75,"CM, LM, CAM",LCM,70,71,48,,,,,,,75,64,53,80,56,82,78,41,50,52,72,65,81,34,62,55,82,73,42,50,38
191135,https://sofifa.com/player/191135/lago-junior/20/159586,Júnior Wakalibille Lago,1990-12-31,180,79,Ivory Coast,RCD Mallorca,75,"LM, RM, ST",LM,71,76,34,,,,,,,68,74,54,66,61,57,74,84,91,74,67,62,77,92,78,29,66,59,58,13,11
235522,https://sofifa.com/player/235522/aleix-febas-perez/20/159586,Aleix Febas Pérez,1996-02-22,171,61,Spain,RCD Mallorca,74,"CM, CDM, CAM",RCM,62,76,61,,,,,,,67,58,36,77,57,75,73,73,69,87,72,83,67,56,73,68,75,75,62,64,63
228805,https://sofifa.com/player/228805/antonio-jose-raillo-arenas/20/159586,Antonio José Raillo Arenas,1991-08-10,187,80,Spain,RCD Mallorca,73,CB,LCB,36,54,73,,,,,,,29,25,77,71,37,59,61,56,60,35,65,54,54,79,89,73,46,66,73,73,70
199387,https://sofifa.com/player/199387/pablo-chavarria/20/159586,Pablo Chavarría,1988-01-02,185,80,Argentina,RCD Mallorca,73,"ST, RM",SUB-ST,71,72,36,,,,,,,67,74,70,74,61,62,74,66,71,70,73,70,72,77,78,28,71,69,24,37,48
220355,https://sofifa.com/player/220355/alexander-alegria-moreno/20/159586,Alexander Alegría Moreno,1992-10-10,191,84,Spain,RCD Mallorca,72,ST,SUB-ST,71,70,33,,,,,,,48,72,75,68,76,46,76,48,52,66,68,40,74,71,65,19,56,72,45,20,25
234933,https://sofifa.com/player/234933/aleksandar-sedlar/20/159586,Aleksandar Sedlar,1991-12-13,178,79,Serbia,RCD Mallorca,72,CB,SUB-CB,40,47,71,,,,,,,33,43,65,64,25,56,58,64,52,70,69,67,49,84,75,68,47,63,73,72,70
188335,https://sofifa.com/player/188335/ante-budimir/20/159586,Ante Budimir,1991-07-22,190,75,Croatia,RCD Mallorca,72,ST,ST,73,64,34,,,,,,,41,80,75,57,66,30,69,50,67,58,66,39,70,54,70,24,39,68,29,35,27
198451,https://sofifa.com/player/198451/daniel-rodriguez-vazquez/20/159586,Daniel José Rodríguez Vázquez,1988-06-06,178,72,Spain,RCD Mallorca,72,"CM, CAM, LM",RM,71,72,63,,,,,,,60,75,56,74,46,70,76,69,63,67,70,71,68,65,64,61,70,64,58,70,64
219585,https://sofifa.com/player/219585/martin-valjent/20/159586,Martin Valjent,1995-12-11,186,83,Slovakia,RCD Mallorca,71,"CB, RB",RCB,36,65,71,,,,,,,39,25,71,67,40,57,66,70,68,74,66,67,49,79,84,62,53,56,71,76,71
237456,https://sofifa.com/player/237456/lumor-agbenyenu/20/159586,Lumor Agbenyenu,1996-08-10,175,70,Ghana,RCD Mallorca,71,"LB, LW",LB,46,71,68,,,,,,,66,45,59,66,34,55,69,80,84,77,73,75,52,85,78,66,53,54,69,71,68
231588,https://sofifa.com/player/231588/joan-sastre-vanrell/20/159586,Joan Sastre Vanrell,1997-04-30,174,75,Spain,RCD Mallorca,70,"RB, LB",RB,36,66,69,,,,,,,67,36,62,67,31,37,70,74,77,61,65,63,34,57,68,67,44,62,69,71,70
204350,https://sofifa.com/player/204350/aleksandar-trajkovski/20/159586,Aleksandar Trajkovski,1992-09-05,180,78,FYR Macedonia,RCD Mallorca,70,"CAM, LW, CF",SUB-CAM,69,75,26,,,,,,,64,62,61,66,66,61,74,78,71,75,63,63,77,63,63,25,63,59,22,19,21
202716,https://sofifa.com/player/202716/abdon-prats-bastidas/20/159586,Abdón Prats Bastidas,1992-12-17,181,81,Spain,RCD Mallorca,70,"ST, LW",SUB-ST,74,65,29,,,,,,,65,74,64,62,69,58,66,68,64,75,67,68,78,72,64,25,45,50,29,23,18
173178,https://sofifa.com/player/173178/manuel-reina-rodriguez/20/159586,Manuel Reina Rodríguez,1985-04-01,186,81,Spain,RCD Mallorca,70,GK,GK,,,,67,68,65,70,57,73,8,10,12,30,13,36,18,54,59,57,70,58,49,68,44,23,31,50,17,11,12
199700,https://sofifa.com/player/199700/aridai-cabrera-suarez/20/159586,Aridai Cabrera Suárez,1988-09-26,172,64,Spain,RCD Mallorca,70,"RM, ST, LM",SUB-ST,69,77,26,,,,,,,60,70,58,63,58,54,69,81,77,94,69,95,75,75,62,25,58,61,30,13,18
245598,https://sofifa.com/player/245598/iddrisu-baba/20/159586,Iddrisu Baba Mohammed,1996-01-22,182,75,Ghana,RCD Mallorca,69,"CDM, CM",CDM,49,57,67,,,,,,,43,46,63,70,42,66,64,65,63,49,62,63,56,60,77,68,59,49,62,71,68
227990,https://sofifa.com/player/227990/josep-sene-escudero/20/159586,Josep Señé Escudero,1991-12-10,183,72,Spain,RCD Mallorca,69,"CAM, CM, LM",SUB-CAM,61,67,48,,,,,,,64,65,61,70,46,66,67,63,69,63,69,59,48,52,39,56,70,61,35,49,56
190176,https://sofifa.com/player/190176/marc-pedraza-sarto/20/159586,Marc Pedraza Sarto,1987-02-06,184,82,Spain,RCD Mallorca,69,"CDM, CM",SUB-CDM,54,64,65,,,,,,,32,49,49,74,59,68,66,62,68,66,62,59,61,71,72,69,64,75,65,68,62
243756,https://sofifa.com/player/243756/francisco-gamez-lopez/20/159586,Francisco Gámez López,1991-07-27,174,71,Spain,RCD Mallorca,69,RB,SUB-RB,47,65,66,,,,,,,67,46,64,65,37,57,67,75,77,59,66,70,57,60,78,64,50,54,65,68,66
110680,https://sofifa.com/player/110680/francisco-campos-coll/20/159586,Francisco Javier Campos Coll,1982-03-10,180,77,Spain,RCD Mallorca,68,"CB, RB",SUB-CB,37,48,67,,,,,,,57,31,66,63,37,53,59,55,55,67,67,60,54,75,44,67,42,60,68,67,65
231071,https://sofifa.com/player/231071/miquel-parera-piza/20/159586,Miquel Parera Pizá,1996-05-18,179,73,Spain,RCD Mallorca,67,GK,SUB-GK,,,,72,64,62,72,37,61,19,11,17,20,15,18,21,38,37,42,55,52,47,55,44,13,29,40,13,18,20
252270,https://sofifa.com/player/252270/pierre-cornud/20/159586,Pierre Cornud,1996-12-12,180,73,France,RCD Mallorca,63,"LB, LWB",SUB-LB,55,60,57,,,,,,,65,52,55,58,55,59,58,77,81,65,55,70,64,64,83,56,55,55,56,59,57
220352,https://sofifa.com/player/220352/sergio-duenas-ruiz/20/159586,Sergio Dueñas Ruiz,1992-09-11,172,75,Spain,RCD Mallorca,61,"RM, CAM",RES-RM,58,66,31,,,,,,,63,62,36,60,43,58,64,57,61,57,50,76,59,42,43,23,55,42,42,24,31
248228,https://sofifa.com/player/248228/victor-de-baunbag/20/159586,Victor De Baunbag,2000-08-05,191,77,Spain,RCD Mallorca,60,"ST, RW",RES-RW,56,63,26,,,,,,,53,58,51,60,53,45,61,76,72,66,52,62,55,63,65,27,45,58,22,22,22
248202,https://sofifa.com/player/248202/elias-ramirez-garcia/20/159586,Elias Ramírez García,1999-04-23,192,80,Spain,RCD Mallorca,60,GK,RES-GK,,,,58,60,55,63,60,52,13,10,9,19,8,19,17,61,59,60,62,52,41,70,21,6,36,30,5,12,11
252276,https://sofifa.com/player/252276/raul-prada-lozano/20/159586,Raúl Prada Lozano,2001-01-01,180,68,Spain,RCD Mallorca,58,"CB, LB",RES-CB,28,43,59,,,,,,,33,24,56,48,32,43,40,65,62,53,48,58,40,73,68,57,27,41,60,60,59
230794,https://sofifa.com/player/230794/ignacio-gil/20/159586,Ignacio Gil,1995-09-09,170,69,Spain,SD Ponferradina,69,"LM, RM, CM",LDM,64,71,29,,,,,,,66,66,30,67,47,62,70,80,76,73,63,82,62,36,52,30,67,62,33,25,27
234779,https://sofifa.com/player/234779/jose-antonio-caro-diaz/20/159586,José Antonio Caro Díaz,1994-05-03,186,79,Spain,SD Ponferradina,69,GK,SUB-GK,,,,68,68,65,68,35,71,13,14,23,26,13,34,20,34,36,32,64,30,49,68,41,21,34,50,12,21,14
3467,https://sofifa.com/player/3467/yuri-de-souza-fonseca/20/159586,Yuri de Souza Fonseca,1982-08-08,186,78,Brazil,SD Ponferradina,69,"ST, CF",ST,70,67,35,,,,,,,55,69,60,58,75,44,68,63,69,68,67,55,69,63,65,41,54,71,40,22,17
252085,https://sofifa.com/player/252085/pablo-trigueros-estrada/20/159586,Pablo Trigueros Estrada,1993-04-04,188,75,Spain,SD Ponferradina,67,CB,RCB,37,45,66,,,,,,,33,32,63,60,32,50,59,58,57,47,63,54,55,68,68,63,45,64,67,68,67
211056,https://sofifa.com/player/211056/luis-valcarce-vidal/20/159586,Luis Valcarce Vidal,1993-02-03,175,70,Spain,SD Ponferradina,67,LB,SUB-LB,53,66,58,,,,,,,66,49,52,64,48,62,66,81,86,76,66,74,57,73,89,61,54,60,59,58,59
252090,https://sofifa.com/player/252090/carlos-bravo-exposito/20/159586,Carlos Bravo Expósito,1993-01-14,175,70,Spain,SD Ponferradina,67,"CAM, RM, LM",SUB-CAM,61,70,43,,,,,,,59,65,46,69,51,67,70,64,62,58,64,75,64,57,46,33,63,66,48,43,48
230306,https://sofifa.com/player/230306/miguel-zabaco-tome/20/159586,Miguel Zabaco Tomé,1989-02-06,186,76,Spain,SD Ponferradina,67,CB,LCB,38,46,66,,,,,,,36,32,63,58,37,55,56,51,56,42,65,45,59,60,59,61,32,57,67,69,68
235971,https://sofifa.com/player/235971/pablo-larrea-gambara/20/159586,Pablo Larrea Gambara,1994-02-04,175,65,Spain,SD Ponferradina,66,CDM,SUB-CDM,58,66,61,,,,,,,46,61,36,70,34,68,67,64,57,70,63,74,54,67,69,64,68,50,62,65,62
252086,https://sofifa.com/player/252086/fco-javier-hidalgo-gomez/20/159586,Fco. Javier Hidalgo Gómez,1994-03-30,178,73,Spain,SD Ponferradina,66,"RB, RM, LM",RB,46,66,65,,,,,,,58,45,55,63,41,56,64,70,68,67,68,68,42,64,68,67,52,64,66,65,66
243985,https://sofifa.com/player/243985/manuel-garcia-humanes/20/159586,Manuel García Humanes,1991-02-11,192,88,Spain,SD Ponferradina,66,GK,GK,,,,68,63,51,70,36,62,12,6,13,28,6,32,18,35,37,40,65,27,38,55,27,10,40,58,20,15,12
211057,https://sofifa.com/player/211057/pablo-valcarce-vidal/20/159586,Pablo Valcarce Vidal,1993-02-03,172,70,Spain,SD Ponferradina,66,"RM, LM",LM,63,67,50,,,,,,,65,62,47,61,34,60,64,74,75,82,63,77,68,75,70,53,61,59,44,56,49
189482,https://sofifa.com/player/189482/jose-antonio-rios-reina/20/159586,José Antonio Ríos Reina,1990-05-10,182,76,Spain,SD Ponferradina,66,"LB, LM",LB,54,70,59,,,,,,,71,43,55,67,35,65,69,73,77,68,59,57,78,80,75,61,64,57,58,59,64
190199,https://sofifa.com/player/190199/oscar-sielva-moreno/20/159586,Óscar Sielva Moreno,1991-08-06,177,69,Spain,SD Ponferradina,66,"CM, CDM",RDM,52,66,51,,,,,,,56,49,46,73,45,69,68,61,64,68,64,74,56,50,56,51,73,48,55,49,47
208611,https://sofifa.com/player/208611/francesc-fullana-ginard/20/159586,Francesc Fullana Ginard,1989-10-09,175,65,Spain,SD Ponferradina,66,"CM, CAM",SUB-CAM,63,65,53,,,,,,,55,62,56,67,59,62,64,72,70,69,65,73,70,71,81,57,68,67,55,50,46
252088,https://sofifa.com/player/252088/saul-crespo-prieto/20/159586,Saúl Crespo Prieto,1996-07-23,186,76,Spain,SD Ponferradina,65,CM,SUB-CM,58,64,55,,,,,,,62,58,66,71,56,68,65,69,68,66,69,55,60,64,62,50,58,69,52,56,58
225090,https://sofifa.com/player/225090/sergio-buenacasa-alba/20/159586,Sergio Buenacasa Alba,1996-04-19,182,73,Spain,SD Ponferradina,65,ST,SUB-ST,65,66,25,,,,,,,40,68,59,57,55,35,67,65,68,68,59,66,62,72,54,19,41,57,31,17,11
233417,https://sofifa.com/player/233417/asier-benito-sasiain/20/159586,Asier Benito Sasiain,1995-02-11,183,77,Spain,SD Ponferradina,65,ST,SUB-ST,64,65,28,,,,,,,53,68,57,64,51,34,67,73,72,69,65,65,62,72,62,18,57,53,34,22,15
232498,https://sofifa.com/player/232498/isaac-palazon-camacho/20/159586,Isaac Palazón Camacho,1994-12-27,169,69,Spain,SD Ponferradina,65,"RM, LM",RM,64,66,34,,,,,,,61,61,35,59,55,58,63,82,81,73,64,78,70,75,58,35,47,63,32,36,29
252091,https://sofifa.com/player/252091/alex-aizpuru-aizbitarte/20/159586,Álex Aizpuru Aizbitarte,1994-01-21,183,76,Spain,SD Ponferradina,65,"CAM, ST",CAM,57,63,48,,,,,,,62,61,63,66,52,62,64,67,66,65,65,60,56,53,57,31,66,70,48,53,55
220889,https://sofifa.com/player/220889/guillermo-donoso-alonso/20/159586,Guillermo Donoso Alonso,1995-07-08,173,65,Spain,SD Ponferradina,65,RM,SUB-RM,55,67,39,,,,,,,66,58,47,66,58,63,64,69,71,72,59,73,44,42,54,34,64,59,45,35,35
225869,https://sofifa.com/player/225869/gianfranco-gazzaniga/20/159586,Gianfranco Gazzaniga,1993-11-22,188,85,Argentina,SD Ponferradina,64,GK,SUB-GK,,,,66,64,63,61,51,62,19,15,19,50,12,60,18,55,48,55,60,55,47,60,42,17,45,28,18,12,40
223998,https://sofifa.com/player/223998/jon-garcia-herrero/20/159586,Jon García Herrero,1991-06-04,177,70,Spain,SD Ponferradina,64,CB,SUB-CB,35,52,64,,,,,,,35,31,54,63,36,53,62,64,59,50,62,75,46,81,64,66,46,62,67,64,65
245156,https://sofifa.com/player/245156/franco-russo/20/159586,Franco Russo,1994-10-25,186,78,Argentina,SD Ponferradina,63,CB,SUB-CB,30,49,64,,,,,,,41,25,59,59,32,52,56,53,64,37,56,54,44,73,63,65,39,55,66,62,64
252087,https://sofifa.com/player/252087/yacouba-diori/20/159586,Yacouba Diori,1997-09-08,180,75,Niger,SD Ponferradina,62,"RB, CB",RES-RB,35,59,61,,,,,,,55,33,54,52,31,45,53,72,74,64,56,65,35,59,68,55,45,61,61,65,63
252255,https://sofifa.com/player/252255/pablo-barredo-calvo/20/159586,Pablo Barredo Calvo,2000-01-01,180,75,Spain,SD Ponferradina,60,GK,RES-GK,,,,61,56,57,60,23,59,12,8,14,27,5,25,18,16,28,27,57,44,43,56,24,13,47,22,6,13,12
243572,https://sofifa.com/player/243572/maximiliano-villa/20/159586,Maximiliano Villa,1997-03-03,183,75,Uruguay,SD Ponferradina,60,RB,RES-RB,29,50,65,,,,,,,56,29,54,50,20,29,42,59,57,55,62,61,28,59,53,63,31,50,68,65,66
173818,https://sofifa.com/player/173818/adrian-lopez-alvarez/20/159586,Adrián López Álvarez,1988-01-08,183,73,Spain,CA Osasuna,76,"ST, LM",LM,76,81,27,,,,,,,65,76,70,72,76,61,84,68,64,73,74,66,77,71,52,32,71,66,20,19,16
183966,https://sofifa.com/player/183966/facundo-roncaglia/20/159586,Facundo Sebastián Roncaglia,1987-02-10,179,76,Argentina,CA Osasuna,76,"CB, RB",LCB,53,64,77,,,,,,,68,38,70,69,28,81,69,59,63,64,73,67,80,79,63,79,59,73,74,81,77
198614,https://sofifa.com/player/198614/raul-rodriguez-navas/20/159586,Raúl Rodríguez Navas,1988-05-11,186,84,Spain,CA Osasuna,76,CB,RCB,45,46,77,,,,,,,49,36,78,74,44,56,73,41,34,51,62,64,72,76,36,73,46,68,74,80,79
228520,https://sofifa.com/player/228520/ezequiel-avila/20/159586,Ezequiel Ávila,1994-02-06,172,81,Argentina,CA Osasuna,75,"ST, RM",ST,76,74,43,,,,,,,56,76,67,68,78,62,74,76,79,74,72,88,79,61,66,38,66,69,42,40,41
236221,https://sofifa.com/player/236221/darko-brasanac/20/159586,Darko Brašanac,1992-02-12,178,73,Serbia,CA Osasuna,75,"CM, RM, CDM",RDM,68,71,71,,,,,,,64,64,64,76,52,74,75,57,47,58,77,67,80,65,72,70,74,75,72,73,70
211022,https://sofifa.com/player/211022/ruben-garcia-santos/20/159586,Rubén García Santos,1993-07-14,171,71,Spain,CA Osasuna,74,"CAM, ST, RM",CAM,69,77,38,,,,,,,69,71,56,72,59,62,76,89,71,83,64,87,65,65,62,33,72,67,35,40,35
196942,https://sofifa.com/player/196942/inigo-perez-soto/20/159586,Iñigo Pérez Soto,1988-01-18,178,74,Spain,CA Osasuna,74,"CDM, CM",SUB-CDM,63,66,70,,,,,,,77,59,62,77,49,78,76,66,62,73,65,67,72,77,80,69,74,64,68,75,72
183520,https://sofifa.com/player/183520/francisco-merida-perez/20/159586,Francisco Mérida Pérez,1990-03-04,177,74,Spain,CA Osasuna,73,"CDM, CM",LDM,71,69,66,,,,,,,73,66,43,76,57,75,72,61,58,59,68,68,79,65,69,68,74,64,65,72,70
190432,https://sofifa.com/player/190432/oier-sanjurjo-mate/20/159586,Oier Sanjurjo Maté,1986-05-25,178,72,Spain,CA Osasuna,73,"CDM, CM",SUB-CDM,63,67,70,,,,,,,64,61,59,71,44,70,71,68,70,68,69,70,72,80,75,73,73,61,71,70,68
192490,https://sofifa.com/player/192490/juan-villar-vazquez/20/159586,Juan Villar Vázquez,1988-05-19,182,72,Spain,CA Osasuna,73,"ST, RM",SUB-ST,71,74,41,,,,,,,67,72,63,66,70,57,71,85,91,90,71,69,75,87,71,35,73,69,55,26,29
206651,https://sofifa.com/player/206651/roberto-torres-morales/20/159586,Roberto Torres Morales,1989-03-17,178,72,Spain,CA Osasuna,73,"RM, LM, CAM",RM,74,71,59,,,,,,,76,73,52,69,63,73,73,67,60,64,72,70,80,64,77,59,77,75,55,65,55
212261,https://sofifa.com/player/212261/brandon-thomas-llamas/20/159586,Brandon Thomas Llamas,1995-02-04,173,71,Spain,CA Osasuna,72,"ST, LM",SUB-ST,73,76,32,,,,,,,59,74,59,63,67,56,71,78,76,83,73,88,73,72,79,42,67,66,23,26,27
236393,https://sofifa.com/player/236393/marc-cardona-rovira/20/159586,Marc Cardona Rovira,1995-07-08,183,70,Spain,CA Osasuna,72,"ST, LM",SUB-ST,70,72,26,,,,,,,57,73,65,62,64,50,76,76,75,70,68,60,72,62,60,24,58,65,28,17,12
238305,https://sofifa.com/player/238305/ignacio-vidal-miralles/20/159586,Ignacio Vidal Miralles,1995-01-24,180,75,Spain,CA Osasuna,72,"RB, RWB",RB,55,69,67,,,,,,,75,60,65,72,39,65,71,74,77,67,70,68,59,64,71,66,59,68,58,73,75
224003,https://sofifa.com/player/224003/sergio-herrera-piron/20/159586,Sergio Herrera Pirón,1993-06-06,192,82,Spain,CA Osasuna,72,GK,SUB-GK,,,,72,73,71,70,47,69,20,16,14,24,16,21,27,45,49,37,71,45,53,54,42,12,33,53,15,17,18
219652,https://sofifa.com/player/219652/roberto-ibanez-castro/20/159586,Roberto Ibáñez Castro,1993-03-22,178,71,Spain,CA Osasuna,72,"RM, LM",SUB-LM,67,74,48,,,,,,,69,69,52,73,59,68,74,77,77,77,70,87,68,55,54,56,72,68,41,49,42
215569,https://sofifa.com/player/215569/unai-garcia-lugea/20/159586,Unai García Lugea,1992-09-03,186,81,Spain,CA Osasuna,70,CB,SUB-CB,41,53,67,,,,,,,54,39,69,70,27,62,65,61,69,54,60,61,57,87,85,66,51,63,62,72,70
146996,https://sofifa.com/player/146996/ruben-martinez-andrade/20/159586,Rubén Iván Martínez Andrade,1984-06-22,188,79,Spain,CA Osasuna,70,GK,GK,,,,70,66,71,72,45,71,12,14,12,31,11,32,20,44,46,56,66,55,53,76,41,18,49,58,15,13,12
189472,https://sofifa.com/player/189472/aridane-hernandez-umpierrez/20/159586,Aridane Hernández Umpiérrez,1989-03-23,186,77,Spain,CA Osasuna,70,CB,SUB-CB,36,45,67,,,,,,,39,26,71,55,40,53,54,34,62,68,56,54,63,88,80,67,47,66,65,68,70
225200,https://sofifa.com/player/225200/enrique-barja-afonso/20/159586,Enrique Barja Afonso,1997-04-04,178,69,Spain,CA Osasuna,69,"LM, RM",SUB-LM,62,69,34,,,,,,,68,68,59,67,49,66,70,77,71,77,60,66,58,68,64,33,65,55,35,25,31
225341,https://sofifa.com/player/225341/david-garcia-zubiria/20/159586,David García Zubiria,1994-02-14,185,72,Spain,CA Osasuna,69,CB,SUB-CB,36,61,67,,,,,,,53,35,71,64,37,65,66,49,55,44,66,61,43,81,70,67,52,67,63,70,68
237942,https://sofifa.com/player/237942/pervis-estupinan/20/159586,Pervis Josué Estupiñán Tenorio,1998-01-21,175,73,Ecuador,CA Osasuna,68,"LB, LM",LB,32,60,65,,,,,,,73,20,65,70,38,52,65,76,77,68,61,71,41,57,57,58,37,53,64,69,70
189553,https://sofifa.com/player/189553/manuel-castellano-castro/20/159586,Manuel  Castellano Castro,1989-03-27,176,71,Spain,CA Osasuna,68,"RB, CB, LB",SUB-CB,49,57,65,,,,,,,65,46,54,63,47,57,60,67,65,62,66,73,55,78,79,70,45,59,63,66,70
238461,https://sofifa.com/player/238461/luis-perea-hernandez/20/159586,Luis Perea Hernández,1997-08-25,192,80,Spain,CA Osasuna,65,"CM, CDM",RES-CM,53,63,59,,,,,,,49,51,72,69,32,62,67,50,60,53,63,55,55,62,64,60,61,59,50,65,51
247495,https://sofifa.com/player/247495/jon-moncayola-tollar/20/159586,Jon Moncayola Tollar,1998-05-13,184,73,Spain,CA Osasuna,65,"LM, CM",RES-LM,61,66,39,,,,,,,69,65,39,67,48,65,68,66,67,63,59,63,61,55,53,41,55,66,43,36,36
228791,https://sofifa.com/player/228791/antonio-islam-otegui-khalifi/20/159586,Antonio Islam Otegui Khalifi,1998-03-07,171,63,Spain,CA Osasuna,63,"CM, CAM",RES-CM,45,64,62,,,,,,,45,40,63,65,41,60,67,71,68,70,60,71,57,66,75,59,63,64,55,70,64
228456,https://sofifa.com/player/228456/juan-manuel-perez-ruiz/20/159586,Juan Manuel Pérez Ruiz,1996-07-15,187,83,Spain,CA Osasuna,63,GK,RES-GK,,,,62,66,57,68,34,62,16,17,18,26,19,25,12,32,35,34,47,33,43,45,28,22,30,41,15,14,20
244005,https://sofifa.com/player/244005/endika-irigoyen-bravo/20/159586,Endika Irigoyen Bravo,1997-01-25,177,68,Spain,CA Osasuna,63,LB,RES-LB,36,56,59,,,,,,,55,35,58,56,34,44,53,73,66,54,66,70,35,57,74,61,43,44,55,61,63
237170,https://sofifa.com/player/237170/aitor-lorea-vergara/20/159586,Aitor Lorea Vergara,1998-03-14,171,68,Spain,CA Osasuna,61,"RM, LM",RES-RM,55,62,33,,,,,,,61,59,39,59,41,52,60,73,68,72,52,78,54,51,55,24,57,61,45,27,27
245787,https://sofifa.com/player/245787/ivan-martinez-marques/20/159586,Iván Martínez Marqués,2002-02-19,180,70,Spain,CA Osasuna,54,GK,RES-GK,,,,56,55,53,54,31,50,34,5,12,46,9,41,19,25,36,48,45,55,40,54,34,15,45,37,20,14,11
